{
  "action": "Search-Show",
  "queryString": "cgid=bundleandsave&fmt=headlessjson&page=4&start=0",
  "locale": "en_US",
  "pageType": "PLP",
  "enableTryAgainSearchArea": true,
  "requestURL": "https://development.coach.com/on/demandware.store/Sites-coh_us_rt-Site/en_US/Search-LazyShow?fmt=headlessjson&start=0&page=4&cgid=bundleandsave&preferences=[object Object]",
  "materialToggle": false,
  "isLazyLoadCategory": true,
  "showQuickView": true,
  "enableSwatchesOnVG": true,
  "isConsentEnabled": false,
  "apiProductSearch": {},
  "CurrentPageMetaData": {
    "title": "Bundles",
    "description": "Shop the curated collection of Bundle and Save from Coach - where fashion meets function. Complimentary shipping &amp; returns",
    "keywords": "",
    "pageMetaTags": [
      {},
      {}
    ]
  },
  "enabledPlugins": {
    "InStorePickup": true,
    "DataDownload": false,
    "Wishlist": true,
    "GiftRegistry": false,
    "ApplePay": true,
    "ProductCompare": false,
    "FindInStore": true
  },
  "isUGCEnabled": true,
  "ugcApiKey": "9a9a8142-278e-4e05-b5fa-5ed7bc295c1a",
  "merchantIDForUGC": "1280247872",
  "jsUrl": "//ui.powerreviews.com/stable/4.0/ui.js",
  "galleryStyle": {},
  "isPLPRatingEnabled": true,
  "isDiscontinuedProductItem": false,
  "isOutletCategory": false,
  "breadcrumbs": [
    {
      "htmlValue": "Bundle and Save",
      "absUrl": "https://development.coach.com/shop/bundle-and-save",
      "categoryID": "bundleandsave",
      "alternateH1Tag": null
    }
  ],
  "isDisableH1Tag": false,
  "h1PrependText": "",
  "alternateH1Tag": null,
  "suppressCustomMarketingBadge": false,
  "suppressTopRatedBadge": false,
  "suppressNewArrivalBadge": false,
  "suppressMaterial": false,
  "suppressBestsellerBadge": false,
  "breadCrumbSchemaData": {
    "@context": "https://schema.org/",
    "@type": "BreadcrumbList",
    "itemListElement": [
      {
        "@type": "ListItem",
        "position": 1,
        "name": "Bundle and Save",
        "item": [
          "https://development.coach.com/shop/bundle-and-save"
        ]
      }
    ]
  },
  "categoryImageSequence": null,
  "isComparablePriceValue": false,
  "productSearch": {
    "realPageSize": "8",
    "pageSize": 32,
    "productSearch": {},
    "tedCollapse": false,
    "isSearchSuggestionsAvailable": false,
    "pageNumber": 0,
    "count": 6,
    "isCategorySearch": true,
    "isRefinedCategorySearch": true,
    "searchKeywords": null,
    "realPageNumber": 3,
    "urlPageNumber": "4",
    "resetLink": {},
    "onLoadResetlink": {},
    "bannerImageUrl": null,
    "productIds": [
      {
        "productID": "22614",
        "productSearchHit": {}
      },
      {
        "productID": "22618",
        "productSearchHit": {}
      },
      {
        "productID": "PBS19102021",
        "productSearchHit": {}
      },
      {
        "productID": "22617",
        "productSearchHit": {}
      },
      {
        "productID": "22619",
        "productSearchHit": {}
      },
      {
        "productID": "22613",
        "productSearchHit": {}
      }
    ],
    "productSort": {
      "options": [
        {
          "displayName": "Price Low To High",
          "id": "price-low-to-high",
          "url": "/on/demandware.store/Sites-coh_us_rt-Site/en_US/Search-UpdateGrid?sz=8&start=0&srule=price-low-to-high&cgid=bundleandsave",
          "seoUrl": "/shop/bundle-and-save?sz=8&start=0&srule=price-low-to-high"
        },
        {
          "displayName": "Price High to Low",
          "id": "price-high-to-low",
          "url": "/on/demandware.store/Sites-coh_us_rt-Site/en_US/Search-UpdateGrid?sz=8&start=0&srule=price-high-to-low&cgid=bundleandsave",
          "seoUrl": "/shop/bundle-and-save?sz=8&start=0&srule=price-high-to-low"
        },
        {
          "displayName": "Newest",
          "id": "newest",
          "url": "/on/demandware.store/Sites-coh_us_rt-Site/en_US/Search-UpdateGrid?sz=8&start=0&srule=newest&cgid=bundleandsave",
          "seoUrl": "/shop/bundle-and-save?sz=8&start=0&srule=newest"
        },
        {
          "displayName": "Top Rated",
          "id": "top-rated",
          "url": "/on/demandware.store/Sites-coh_us_rt-Site/en_US/Search-UpdateGrid?sz=8&start=0&srule=top-rated&cgid=bundleandsave",
          "seoUrl": "/shop/bundle-and-save?sz=8&start=0&srule=top-rated"
        },
        {
          "displayName": "Most Relevant",
          "id": "most-relevant",
          "url": "/on/demandware.store/Sites-coh_us_rt-Site/en_US/Search-UpdateGrid?sz=8&start=0&srule=most-relevant&cgid=bundleandsave",
          "seoUrl": "/shop/bundle-and-save?sz=8&start=0&srule=most-relevant"
        },
        {
          "displayName": "Featured",
          "id": "featured",
          "url": "/on/demandware.store/Sites-coh_us_rt-Site/en_US/Search-UpdateGrid?sz=8&start=0&srule=featured&cgid=bundleandsave",
          "seoUrl": "/shop/bundle-and-save?sz=8&start=0&srule=featured"
        }
      ],
      "ruleId": "price-low-to-high"
    },
    "showMoreUrl": "",
    "permalink": "/search?sz=32&start=0",
    "category": {
      "name": "Bundle and Save",
      "id": "bundleandsave",
      "pageTitle": "Bundles",
      "pageDescription": null,
      "pageKeywords": null
    },
    "pageUrlOptions": [
      {
        "name": "page",
        "value": "4"
      },
      {
        "name": "start",
        "value": 0
      }
    ],
    "tileCountPageNumber": 1,
    "pageMetaTags": [
      {},
      {},
      {},
      {}
    ],
    "pmax": null,
    "pmin": null
  },
  "maxSlots": 4,
  "refineurl": {},
  "category": null,
  "canonicalUrl": {},
  "schemaData": {
    "@context": "http://schema.org/",
    "@type": "ItemList",
    "numberOfItems": 6,
    "itemListElement": [
      {
        "@type": "ListItem",
        "position": 1,
        "name": "Metropolitan Set",
        "url": [
          "https://development.coach.com/products/metropolitan-set/22614.html"
        ],
        "image": [
          "https://img1.cohimg.net/is/image/Coach/22152_svsan_a0"
        ]
      },
      {
        "@type": "ListItem",
        "position": 2,
        "name": "Set of Shoes",
        "url": [
          "https://development.coach.com/products/set-of-shoes/22618.html"
        ],
        "image": [
          "https://img1.cohimg.net/is/image/Coach/g2263_brbk_a0"
        ]
      },
      {
        "@type": "ListItem",
        "position": 3,
        "name": "New Bundle",
        "url": [
          "https://development.coach.com/products/new-bundle/PBS19102021.html"
        ],
        "image": [
          "https://img1.cohimg.net/is/image/Coach/g5438_blk_a0"
        ]
      },
      {
        "@type": "ListItem",
        "position": 4,
        "name": "Set of Bags",
        "url": [
          "https://development.coach.com/products/set-of-bags/22617.html"
        ],
        "image": [
          "https://img1.cohimg.net/is/image/Coach/55564_jiblk_a0"
        ]
      },
      {
        "@type": "ListItem",
        "position": 5,
        "name": "Set of Wallets",
        "url": [
          "https://development.coach.com/products/set-of-wallets/22619.html"
        ],
        "image": [
          "https://img1.cohimg.net/is/image/Coach/4910_gry_a0"
        ]
      },
      {
        "@type": "ListItem",
        "position": 6,
        "name": "Set of Rings",
        "url": [
          "https://development.coach.com/products/set-of-rings/22613.html"
        ],
        "image": [
          "https://img1.cohimg.net/is/image/Coach/22152_svsan_a0"
        ]
      }
    ]
  },
  "searchResult": {
    "productSearch": {
      "realPageSize": "8",
      "pageSize": 32,
      "productSearch": {},
      "tedCollapse": false,
      "isSearchSuggestionsAvailable": false,
      "pageNumber": 0,
      "count": 6,
      "isCategorySearch": true,
      "isRefinedCategorySearch": true,
      "searchKeywords": null,
      "realPageNumber": 3,
      "urlPageNumber": "4",
      "resetLink": {},
      "onLoadResetlink": {},
      "bannerImageUrl": null,
      "productIds": [
        {
          "productID": "22614",
          "productSearchHit": {}
        },
        {
          "productID": "22618",
          "productSearchHit": {}
        },
        {
          "productID": "PBS19102021",
          "productSearchHit": {}
        },
        {
          "productID": "22617",
          "productSearchHit": {}
        },
        {
          "productID": "22619",
          "productSearchHit": {}
        },
        {
          "productID": "22613",
          "productSearchHit": {}
        }
      ],
      "productSort": {
        "options": [
          {
            "displayName": "Price Low To High",
            "id": "price-low-to-high",
            "url": "/on/demandware.store/Sites-coh_us_rt-Site/en_US/Search-UpdateGrid?sz=8&start=0&srule=price-low-to-high&cgid=bundleandsave",
            "seoUrl": "/shop/bundle-and-save?sz=8&start=0&srule=price-low-to-high"
          },
          {
            "displayName": "Price High to Low",
            "id": "price-high-to-low",
            "url": "/on/demandware.store/Sites-coh_us_rt-Site/en_US/Search-UpdateGrid?sz=8&start=0&srule=price-high-to-low&cgid=bundleandsave",
            "seoUrl": "/shop/bundle-and-save?sz=8&start=0&srule=price-high-to-low"
          },
          {
            "displayName": "Newest",
            "id": "newest",
            "url": "/on/demandware.store/Sites-coh_us_rt-Site/en_US/Search-UpdateGrid?sz=8&start=0&srule=newest&cgid=bundleandsave",
            "seoUrl": "/shop/bundle-and-save?sz=8&start=0&srule=newest"
          },
          {
            "displayName": "Top Rated",
            "id": "top-rated",
            "url": "/on/demandware.store/Sites-coh_us_rt-Site/en_US/Search-UpdateGrid?sz=8&start=0&srule=top-rated&cgid=bundleandsave",
            "seoUrl": "/shop/bundle-and-save?sz=8&start=0&srule=top-rated"
          },
          {
            "displayName": "Most Relevant",
            "id": "most-relevant",
            "url": "/on/demandware.store/Sites-coh_us_rt-Site/en_US/Search-UpdateGrid?sz=8&start=0&srule=most-relevant&cgid=bundleandsave",
            "seoUrl": "/shop/bundle-and-save?sz=8&start=0&srule=most-relevant"
          },
          {
            "displayName": "Featured",
            "id": "featured",
            "url": "/on/demandware.store/Sites-coh_us_rt-Site/en_US/Search-UpdateGrid?sz=8&start=0&srule=featured&cgid=bundleandsave",
            "seoUrl": "/shop/bundle-and-save?sz=8&start=0&srule=featured"
          }
        ],
        "ruleId": "price-low-to-high"
      },
      "showMoreUrl": "",
      "permalink": "/search?sz=32&start=0",
      "category": {
        "name": "Bundle and Save",
        "id": "bundleandsave",
        "pageTitle": "Bundles",
        "pageDescription": null,
        "pageKeywords": null
      },
      "pageUrlOptions": [
        {
          "name": "page",
          "value": "4"
        },
        {
          "name": "start",
          "value": 0
        }
      ],
      "tileCountPageNumber": 1,
      "pageMetaTags": [
        {},
        {},
        {},
        {}
      ],
      "pmax": null,
      "pmin": null
    },
    "refineurl": {},
    "canonicalUrl": {},
    "schemaData": {
      "@context": "http://schema.org/",
      "@type": "ItemList",
      "numberOfItems": 6,
      "itemListElement": [
        {
          "@type": "ListItem",
          "position": 1,
          "name": "Metropolitan Set",
          "url": [
            "https://development.coach.com/products/metropolitan-set/22614.html"
          ],
          "image": [
            "https://img1.cohimg.net/is/image/Coach/22152_svsan_a0"
          ]
        },
        {
          "@type": "ListItem",
          "position": 2,
          "name": "Set of Shoes",
          "url": [
            "https://development.coach.com/products/set-of-shoes/22618.html"
          ],
          "image": [
            "https://img1.cohimg.net/is/image/Coach/g2263_brbk_a0"
          ]
        },
        {
          "@type": "ListItem",
          "position": 3,
          "name": "New Bundle",
          "url": [
            "https://development.coach.com/products/new-bundle/PBS19102021.html"
          ],
          "image": [
            "https://img1.cohimg.net/is/image/Coach/g5438_blk_a0"
          ]
        },
        {
          "@type": "ListItem",
          "position": 4,
          "name": "Set of Bags",
          "url": [
            "https://development.coach.com/products/set-of-bags/22617.html"
          ],
          "image": [
            "https://img1.cohimg.net/is/image/Coach/55564_jiblk_a0"
          ]
        },
        {
          "@type": "ListItem",
          "position": 5,
          "name": "Set of Wallets",
          "url": [
            "https://development.coach.com/products/set-of-wallets/22619.html"
          ],
          "image": [
            "https://img1.cohimg.net/is/image/Coach/4910_gry_a0"
          ]
        },
        {
          "@type": "ListItem",
          "position": 6,
          "name": "Set of Rings",
          "url": [
            "https://development.coach.com/products/set-of-rings/22613.html"
          ],
          "image": [
            "https://img1.cohimg.net/is/image/Coach/22152_svsan_a0"
          ]
        }
      ]
    },
    "decoratorTemplate": "common/layout/page",
    "hrefLang": {},
    "urlPageNumber": "4",
    "previousPage": 3,
    "nextPage": null,
    "previousPageURL": {}
  },
  "compareEnabled": false,
  "compareBarTiles": [],
  "enableCategoryCompare": false,
  "selectedCompareTiles": "",
  "certonaData": "{\"pagetype\":\"search\",\"country\":\"US\",\"filter\":{\"language\":\"en\"}}",
  "limit": 6,
  "hits": [
    {
      "brand": null,
      "currency": "USD",
      "productId": "22614",
      "activeProductData": {
        "pid": "22614",
        "bestseller": false
      },
      "inventory": [
        {
          "ats": null,
          "backorderable": false,
          "orderable": true,
          "preorderable": false,
          "stockLevel": null
        }
      ],
      "longDescription": "Metropolitan Set",
      "shortDescription": "Metropolitan Set",
      "minOrderQuantity": 1,
      "name": "Metropolitan Set",
      "hitType": "set",
      "pageTitle": null,
      "maxPrices": 495,
      "minPrices": 75,
      "firstRepresentedProduct": "23539 GD/HA",
      "lastRepresentedProduct": "4720  B4/M2",
      "representedProduct": [
        {
          "ID": "23539 GD/HA"
        },
        {
          "ID": "39937 GDO3N"
        },
        {
          "ID": "39937 V5P4I"
        },
        {
          "ID": "C5870 B4NQ4"
        },
        {
          "ID": "39937 B4NQ4"
        },
        {
          "ID": "4720  B4/M2"
        }
      ],
      "representedProducts": [
        {
          "ID": "23539 GD/HA"
        },
        {
          "ID": "39937 GDO3N"
        },
        {
          "ID": "39937 V5P4I"
        },
        {
          "ID": "C5870 B4NQ4"
        },
        {
          "ID": "39937 B4NQ4"
        },
        {
          "ID": "4720  B4/M2"
        }
      ],
      "variationAttributes": [],
      "defaultVariant": null,
      "variants": [],
      "variationGroup": [],
      "displayOOS": null,
      "c_editorsNoteDescription": "Metropolitan Set",
      "c_instorePickUpInventoryThreshold": 0,
      "c_enablePrivateSaleMarketingBadge": false,
      "c_enablePrivateSaleMarketingMessage": false,
      "c_gender": null,
      "c_isBestSeller": null,
      "c_isBestseller": null,
      "c_isDiscontinued": null,
      "c_isDiscontinuedForSearch": null,
      "c_isGiftCardProduct": null,
      "c_isOnSale": null,
      "c_isOutlet": null,
      "c_isPrivateSale": null,
      "c_marketingBadge": true,
      "c_marketingMessage": true,
      "c_material": null,
      "c_maxSalePercent": 10,
      "c_metarobotTag": null,
      "c_model": null,
      "promotion": [
        {
          "pid": "22614",
          "onlineFrom": "2021-08-02T04:00:00.000Z",
          "onlineTo": "2021-12-30T05:00:00.000Z",
          "defaultVariant": null,
          "isOnSale": null,
          "category_id": "allbundles",
          "item_category": "Bundle and Save",
          "item_category2": "Bundles",
          "maxPrice": 495,
          "minPrice": 75,
          "inStockMessage": null,
          "promostatus": "No product promotion exist",
          "orderLevelPromoCallout": [
            "free product using",
            "30 % off using",
            "selected free product added in basket",
            "OrderLevel%Off -Implicit AUTO",
            "A Free Card Pouch with purchase of $400",
            "free shipping using code",
            "MWOrderLevelPromo",
            "20698 Callout message",
            "XC_TESTING_COPY GWP CALLOUT",
            "XC_TESTING_COPY CALLOUT"
          ],
          "Pricing": [
            {
              "sales": {
                "value": null,
                "currency": null,
                "formatted": "N/A"
              },
              "list": {
                "value": 840,
                "currency": "USD",
                "formatted": "$840",
                "decimalPrice": "840.00"
              },
              "promotionalPrice": null,
              "discountPercentage": 10,
              "listPriceCaption": "Retail:",
              "salePriceCaption": "Bundle Price:"
            }
          ]
        }
      ]
    },
    {
      "brand": null,
      "currency": "USD",
      "productId": "22618",
      "activeProductData": {
        "pid": "22618",
        "bestseller": false
      },
      "inventory": [
        {
          "ats": null,
          "backorderable": false,
          "orderable": true,
          "preorderable": false,
          "stockLevel": null
        }
      ],
      "longDescription": "<div class=\"pdp__section-card row\">\r\n    <p class=\"pdp__section-title col-5\">MEASUREMENT</p>\r\n    <ul class=\"col-7 pdp__section-desc\">\r\n        <li>Length: 9 3/4\"</li>\r\n        <li>Height: 11 1/2\"</li>\r\n        <li>Width: 2\"</li>\r\n    </ul>\r\n</div>\r\n<div class=\"pdp__section-card row\">\r\n    <p class=\"pdp__section-title col-5\">MATERIAL</p>\r\n    <ul class=\"col-7 pdp__section-desc\">\r\n        <li>Glovetanned Leather</li>\r\n    </ul>\r\n</div>\r\n<div class=\"pdp__section-card row\">\r\n    <p class=\"pdp__section-title col-5\">STRAP</p>\r\n    <ul class=\"col-7 pdp__section-desc\">\r\n        <li>Adjustable 10 1/2” drop</li>\r\n    </ul>\r\n</div>\r\n<div class=\"pdp__section-card row\">\r\n    <p class=\"pdp__section-title col-5\">STOREAGE</p>\r\n    <div class=\"col-7 pdp__section-desc\">\r\n        Inside zip pocket On credit card slot Fits all phone sizes upto iPhone 11 Pro\r\n    </div>\r\n</div>",
      "shortDescription": "<html>The newest member of the set of shoes, this features our signature double-turnlock hardware on a must-have structured silhouette. It’s crafted in Coach glovetanned leather and detailed with Western-inspired cabochons and patchwork, and C-chains on the strap. Perfect for nights out.<br><br><a href=https://www.coach.com/shop/men/shoes/view-all><u>Instantly change the look of your bag with an interchangeable strap.</a></u></html>",
      "minOrderQuantity": 1,
      "name": "Set of Shoes",
      "hitType": "set",
      "pageTitle": null,
      "maxPrices": 195,
      "minPrices": 85,
      "firstRepresentedProduct": "C5137 TAM  7   B",
      "lastRepresentedProduct": "G5488 BLK  5.5 B",
      "representedProduct": [
        {
          "ID": "C5137 TAM  7   B"
        },
        {
          "ID": "C5137 TAM  6   B"
        },
        {
          "ID": "C2316 EQO  7.5 B"
        },
        {
          "ID": "C2316 EQO  6.5 B"
        },
        {
          "ID": "C2316 BLK  9.5 B"
        },
        {
          "ID": "G5488 WAL  8   B"
        },
        {
          "ID": "G5488 WAL  5.5 B"
        },
        {
          "ID": "G5488 WAL  7   B"
        },
        {
          "ID": "G5488 WAL  10  B"
        },
        {
          "ID": "G5488 WAL  9.5 B"
        },
        {
          "ID": "G5488 WAL  7.5 B"
        },
        {
          "ID": "G5488 WAL  5   B"
        },
        {
          "ID": "G5488 WAL  6.5 B"
        },
        {
          "ID": "G5488 WAL  8.5 B"
        },
        {
          "ID": "G5488 WAL  6   B"
        },
        {
          "ID": "G5488 BLK  9.5 B"
        },
        {
          "ID": "G5488 BLK  6.5 B"
        },
        {
          "ID": "G5488 BLK  7   B"
        },
        {
          "ID": "G5488 BLK  5   B"
        },
        {
          "ID": "G5488 BLK  7.5 B"
        },
        {
          "ID": "G5488 BLK  8   B"
        },
        {
          "ID": "G5488 BLK  6   B"
        },
        {
          "ID": "G5488 BLK  8.5 B"
        },
        {
          "ID": "G5488 BLK  9   B"
        },
        {
          "ID": "G5488 BLK  10  B"
        },
        {
          "ID": "G5488 BLK  5.5 B"
        }
      ],
      "representedProducts": [
        {
          "ID": "C5137 TAM  7   B"
        },
        {
          "ID": "C5137 TAM  6   B"
        },
        {
          "ID": "C2316 EQO  7.5 B"
        },
        {
          "ID": "C2316 EQO  6.5 B"
        },
        {
          "ID": "C2316 BLK  9.5 B"
        },
        {
          "ID": "G5488 WAL  8   B"
        },
        {
          "ID": "G5488 WAL  5.5 B"
        },
        {
          "ID": "G5488 WAL  7   B"
        },
        {
          "ID": "G5488 WAL  10  B"
        },
        {
          "ID": "G5488 WAL  9.5 B"
        },
        {
          "ID": "G5488 WAL  7.5 B"
        },
        {
          "ID": "G5488 WAL  5   B"
        },
        {
          "ID": "G5488 WAL  6.5 B"
        },
        {
          "ID": "G5488 WAL  8.5 B"
        },
        {
          "ID": "G5488 WAL  6   B"
        },
        {
          "ID": "G5488 BLK  9.5 B"
        },
        {
          "ID": "G5488 BLK  6.5 B"
        },
        {
          "ID": "G5488 BLK  7   B"
        },
        {
          "ID": "G5488 BLK  5   B"
        },
        {
          "ID": "G5488 BLK  7.5 B"
        },
        {
          "ID": "G5488 BLK  8   B"
        },
        {
          "ID": "G5488 BLK  6   B"
        },
        {
          "ID": "G5488 BLK  8.5 B"
        },
        {
          "ID": "G5488 BLK  9   B"
        },
        {
          "ID": "G5488 BLK  10  B"
        },
        {
          "ID": "G5488 BLK  5.5 B"
        }
      ],
      "variationAttributes": [],
      "defaultVariant": null,
      "variants": [],
      "variationGroup": [],
      "displayOOS": null,
      "c_editorsNoteDescription": "<html>The newest member of the set of shoes, this features our signature double-turnlock hardware on a must-have structured silhouette. It’s crafted in Coach glovetanned leather and detailed with Western-inspired cabochons and patchwork, and C-chains on the strap. Perfect for nights out.<br><br><a href=https://www.coach.com/shop/men/shoes/view-all><u>Instantly change the look of your bag with an interchangeable strap.</a></u></html>",
      "c_instorePickUpInventoryThreshold": 0,
      "c_enablePrivateSaleMarketingBadge": false,
      "c_enablePrivateSaleMarketingMessage": false,
      "c_gender": null,
      "c_isBestSeller": null,
      "c_isBestseller": null,
      "c_isDiscontinued": null,
      "c_isDiscontinuedForSearch": null,
      "c_isGiftCardProduct": null,
      "c_isOnSale": null,
      "c_isOutlet": null,
      "c_isPrivateSale": null,
      "c_marketingBadge": true,
      "c_marketingMessage": true,
      "c_material": null,
      "c_maxSalePercent": null,
      "c_metarobotTag": null,
      "c_model": null,
      "promotion": [
        {
          "pid": "22618",
          "onlineFrom": null,
          "onlineTo": null,
          "defaultVariant": null,
          "isOnSale": null,
          "category_id": "men",
          "item_category": "Men",
          "maxPrice": 195,
          "minPrice": 85,
          "inStockMessage": null,
          "promostatus": "No product promotion exist",
          "orderLevelPromoCallout": [
            "free product using",
            "30 % off using",
            "selected free product added in basket",
            "OrderLevel%Off -Implicit AUTO",
            "A Free Card Pouch with purchase of $400",
            "free shipping using code",
            "MWOrderLevelPromo",
            "20698 Callout message",
            "XC_TESTING_COPY GWP CALLOUT",
            "XC_TESTING_COPY CALLOUT"
          ],
          "Pricing": [
            {
              "sales": {
                "value": 100,
                "currency": "USD",
                "formatted": "$100",
                "decimalPrice": "100.00"
              },
              "list": {
                "value": 690,
                "currency": "USD",
                "formatted": "$690",
                "decimalPrice": "690.00"
              },
              "promotionalPrice": null,
              "discountPercentage": null,
              "listPriceCaption": "Retail:",
              "salePriceCaption": "Bundle Price:"
            }
          ]
        }
      ]
    },
    {
      "brand": null,
      "currency": "USD",
      "productId": "PBS19102021",
      "activeProductData": {
        "pid": "PBS19102021",
        "bestseller": false
      },
      "inventory": [
        {
          "ats": null,
          "backorderable": false,
          "orderable": true,
          "preorderable": false,
          "stockLevel": null
        }
      ],
      "longDescription": "Bundles with size attribute",
      "shortDescription": "Bundles with size attribute",
      "minOrderQuantity": 1,
      "name": "New Bundle",
      "hitType": "set",
      "pageTitle": null,
      "maxPrices": 295,
      "minPrices": 97.5,
      "firstRepresentedProduct": "G3935 CHK  6   B",
      "lastRepresentedProduct": "79316 GDRFT",
      "representedProduct": [
        {
          "ID": "G3935 CHK  6   B"
        },
        {
          "ID": "G3935 CHK  7   B"
        },
        {
          "ID": "79316 V5QVE"
        },
        {
          "ID": "G3935 EQO  7   B"
        },
        {
          "ID": "G3935 EQO  6   B"
        },
        {
          "ID": "G3935 EQO  5   B"
        },
        {
          "ID": "G3935 BLK  6   B"
        },
        {
          "ID": "G3935 BLK  5   B"
        },
        {
          "ID": "79316 GDWM3"
        },
        {
          "ID": "79316 GD/HA"
        },
        {
          "ID": "79316 GDO5K"
        },
        {
          "ID": "79316 GDBHP"
        },
        {
          "ID": "79316 GDBLK"
        },
        {
          "ID": "79316 GDBCY"
        },
        {
          "ID": "79316 GDRFT"
        }
      ],
      "representedProducts": [
        {
          "ID": "G3935 CHK  6   B"
        },
        {
          "ID": "G3935 CHK  7   B"
        },
        {
          "ID": "79316 V5QVE"
        },
        {
          "ID": "G3935 EQO  7   B"
        },
        {
          "ID": "G3935 EQO  6   B"
        },
        {
          "ID": "G3935 EQO  5   B"
        },
        {
          "ID": "G3935 BLK  6   B"
        },
        {
          "ID": "G3935 BLK  5   B"
        },
        {
          "ID": "79316 GDWM3"
        },
        {
          "ID": "79316 GD/HA"
        },
        {
          "ID": "79316 GDO5K"
        },
        {
          "ID": "79316 GDBHP"
        },
        {
          "ID": "79316 GDBLK"
        },
        {
          "ID": "79316 GDBCY"
        },
        {
          "ID": "79316 GDRFT"
        }
      ],
      "variationAttributes": [],
      "defaultVariant": null,
      "variants": [],
      "variationGroup": [],
      "displayOOS": null,
      "c_editorsNoteDescription": "Bundles with size attribute",
      "c_instorePickUpInventoryThreshold": 0,
      "c_enablePrivateSaleMarketingBadge": false,
      "c_enablePrivateSaleMarketingMessage": false,
      "c_gender": null,
      "c_isBestSeller": null,
      "c_isBestseller": null,
      "c_isDiscontinued": null,
      "c_isDiscontinuedForSearch": null,
      "c_isGiftCardProduct": null,
      "c_isOnSale": null,
      "c_isOutlet": null,
      "c_isPrivateSale": null,
      "c_marketingBadge": true,
      "c_marketingMessage": true,
      "c_material": null,
      "c_maxSalePercent": 20,
      "c_metarobotTag": null,
      "c_model": null,
      "promotion": [
        {
          "pid": "PBS19102021",
          "onlineFrom": "2021-10-01T04:00:00.000Z",
          "onlineTo": "2022-10-31T04:00:00.000Z",
          "defaultVariant": null,
          "isOnSale": null,
          "category_id": "bundleandsave",
          "item_category": "Bundle and Save",
          "maxPrice": 295,
          "minPrice": 97.5,
          "inStockMessage": null,
          "promostatus": "No product promotion exist",
          "orderLevelPromoCallout": [
            "free product using",
            "30 % off using",
            "selected free product added in basket",
            "OrderLevel%Off -Implicit AUTO",
            "A Free Card Pouch with purchase of $400",
            "free shipping using code",
            "MWOrderLevelPromo",
            "20698 Callout message",
            "XC_TESTING_COPY GWP CALLOUT",
            "XC_TESTING_COPY CALLOUT"
          ],
          "Pricing": [
            {
              "sales": {
                "value": 495,
                "currency": "USD",
                "formatted": "$495",
                "decimalPrice": "495.00"
              },
              "list": {
                "value": 640,
                "currency": "USD",
                "formatted": "$640",
                "decimalPrice": "640.00"
              },
              "promotionalPrice": null,
              "discountPercentage": 20,
              "listPriceCaption": "Retail:",
              "salePriceCaption": "Bundle Price:"
            }
          ]
        }
      ]
    },
    {
      "brand": null,
      "currency": "USD",
      "productId": "22617",
      "activeProductData": {
        "pid": "22617",
        "bestseller": true
      },
      "inventory": [
        {
          "ats": null,
          "backorderable": false,
          "orderable": true,
          "preorderable": false,
          "stockLevel": null
        }
      ],
      "longDescription": "<div class=\"pdp__section-card row\">\r\n    <p class=\"pdp__section-title col-5\">MEASUREMENT</p>\r\n    <ul class=\"col-7 pdp__section-desc\">\r\n        <li>Length: 9 3/4\"</li>\r\n        <li>Height: 11 1/2\"</li>\r\n        <li>Width: 2\"</li>\r\n    </ul>\r\n</div>\r\n<div class=\"pdp__section-card row\">\r\n    <p class=\"pdp__section-title col-5\">MATERIAL</p>\r\n    <ul class=\"col-7 pdp__section-desc\">\r\n        <li>Glovetanned Leather</li>\r\n    </ul>\r\n</div>\r\n<div class=\"pdp__section-card row\">\r\n    <p class=\"pdp__section-title col-5\">STRAP</p>\r\n    <ul class=\"col-7 pdp__section-desc\">\r\n        <li>Adjustable 10 1/2” drop</li>\r\n    </ul>\r\n</div>\r\n<div class=\"pdp__section-card row\">\r\n    <p class=\"pdp__section-title col-5\">STOREAGE</p>\r\n    <div class=\"col-7 pdp__section-desc\">\r\n        Inside zip pocket On credit card slot Fits all phone sizes upto iPhone 11 Pro\r\n    </div>\r\n</div>",
      "shortDescription": "<html>The newest member of the set of bags, this features our signature double-turnlock hardware on a must-have structured silhouette. It’s crafted in Coach glovetanned leather and detailed with Western-inspired cabochons and patchwork, and C-chains on the strap. Perfect for nights out.<br><br><a href=https://www.coach.com/shop/women-accessories-bag-straps><u>Instantly change the look of your bag with an interchangeable strap.</a></u></html>",
      "minOrderQuantity": 1,
      "name": "Set of Bags",
      "hitType": "set",
      "pageTitle": null,
      "maxPrices": 150,
      "minPrices": 150,
      "firstRepresentedProduct": "97737 BLK",
      "lastRepresentedProduct": "5475  B4SHG",
      "representedProduct": [
        {
          "ID": "97737 BLK"
        },
        {
          "ID": "97737 SAD"
        },
        {
          "ID": "97737 QW1"
        },
        {
          "ID": "5475  B4SHG"
        }
      ],
      "representedProducts": [
        {
          "ID": "97737 BLK"
        },
        {
          "ID": "97737 SAD"
        },
        {
          "ID": "97737 QW1"
        },
        {
          "ID": "5475  B4SHG"
        }
      ],
      "variationAttributes": [],
      "defaultVariant": null,
      "variants": [],
      "variationGroup": [],
      "displayOOS": null,
      "c_editorsNoteDescription": "<html>The newest member of the set of bags, this features our signature double-turnlock hardware on a must-have structured silhouette. It’s crafted in Coach glovetanned leather and detailed with Western-inspired cabochons and patchwork, and C-chains on the strap. Perfect for nights out.<br><br><a href=https://www.coach.com/shop/women-accessories-bag-straps><u>Instantly change the look of your bag with an interchangeable strap.</a></u></html>",
      "c_instorePickUpInventoryThreshold": 0,
      "c_enablePrivateSaleMarketingBadge": false,
      "c_enablePrivateSaleMarketingMessage": false,
      "c_gender": null,
      "c_isBestSeller": null,
      "c_isBestseller": true,
      "c_isDiscontinued": null,
      "c_isDiscontinuedForSearch": null,
      "c_isGiftCardProduct": null,
      "c_isOnSale": null,
      "c_isOutlet": null,
      "c_isPrivateSale": null,
      "c_marketingBadge": true,
      "c_marketingMessage": true,
      "c_material": null,
      "c_maxSalePercent": 30,
      "c_metarobotTag": null,
      "c_model": null,
      "promotion": [
        {
          "pid": "22617",
          "onlineFrom": "2021-08-17T04:00:00.000Z",
          "onlineTo": "2050-09-10T04:00:00.000Z",
          "defaultVariant": null,
          "isOnSale": null,
          "category_id": "sit_products",
          "item_category": "SIT Products",
          "maxPrice": 450,
          "minPrice": 150,
          "inStockMessage": null,
          "promostatus": "No product promotion exist",
          "orderLevelPromoCallout": [
            "free product using",
            "30 % off using",
            "selected free product added in basket",
            "OrderLevel%Off -Implicit AUTO",
            "A Free Card Pouch with purchase of $400",
            "free shipping using code",
            "MWOrderLevelPromo",
            "20698 Callout message",
            "XC_TESTING_COPY GWP CALLOUT",
            "XC_TESTING_COPY CALLOUT"
          ],
          "Pricing": [
            {
              "sales": {
                "value": 100,
                "currency": "USD",
                "formatted": "$100",
                "decimalPrice": "100.00"
              },
              "list": {
                "value": 750,
                "currency": "USD",
                "formatted": "$750",
                "decimalPrice": "750.00"
              },
              "promotionalPrice": null,
              "discountPercentage": 30,
              "listPriceCaption": "Retail:",
              "salePriceCaption": "Bundle Price:"
            }
          ]
        }
      ]
    },
    {
      "brand": null,
      "currency": "USD",
      "productId": "22619",
      "activeProductData": {
        "pid": "22619",
        "bestseller": false
      },
      "inventory": [
        {
          "ats": null,
          "backorderable": false,
          "orderable": true,
          "preorderable": false,
          "stockLevel": null
        }
      ],
      "longDescription": "<div class=\"pdp__section-card row\">\r\n    <p class=\"pdp__section-title col-5\">MEASUREMENT</p>\r\n    <ul class=\"col-7 pdp__section-desc\">\r\n        <li>Length: 9 3/4\"</li>\r\n        <li>Height: 11 1/2\"</li>\r\n        <li>Width: 2\"</li>\r\n    </ul>\r\n</div>\r\n<div class=\"pdp__section-card row\">\r\n    <p class=\"pdp__section-title col-5\">MATERIAL</p>\r\n    <ul class=\"col-7 pdp__section-desc\">\r\n        <li>Glovetanned Leather</li>\r\n    </ul>\r\n</div>\r\n<div class=\"pdp__section-card row\">\r\n    <p class=\"pdp__section-title col-5\">STRAP</p>\r\n    <ul class=\"col-7 pdp__section-desc\">\r\n        <li>Adjustable 10 1/2” drop</li>\r\n    </ul>\r\n</div>\r\n<div class=\"pdp__section-card row\">\r\n    <p class=\"pdp__section-title col-5\">STOREAGE</p>\r\n    <div class=\"col-7 pdp__section-desc\">\r\n        Inside zip pocket On credit card slot Fits all phone sizes upto iPhone 11 Pro\r\n    </div>\r\n</div>",
      "shortDescription": "<html>The newest member of the set of wallets, this features our signature double-turnlock hardware on a must-have structured silhouette. It’s crafted in Coach glovetanned leather and detailed with Western-inspired cabochons and patchwork, and C-chains on the strap. Perfect for nights out.<br><br><a href=https://development1.coach.com/shop/men/wallets?page=2&start=0&ted=false><u>Instantly change the look of your wallet with an interchangeable strap.</a></u></html>",
      "minOrderQuantity": 1,
      "name": "Set of Wallets",
      "hitType": "set",
      "pageTitle": null,
      "maxPrices": 495,
      "minPrices": 150,
      "firstRepresentedProduct": "5008  SAD",
      "lastRepresentedProduct": "4720  B4/M2",
      "representedProduct": [
        {
          "ID": "5008  SAD"
        },
        {
          "ID": "5008  BLK"
        },
        {
          "ID": "97737 BLK"
        },
        {
          "ID": "97737 SAD"
        },
        {
          "ID": "97737 QW1"
        },
        {
          "ID": "4720  B4/M2"
        }
      ],
      "representedProducts": [
        {
          "ID": "5008  SAD"
        },
        {
          "ID": "5008  BLK"
        },
        {
          "ID": "97737 BLK"
        },
        {
          "ID": "97737 SAD"
        },
        {
          "ID": "97737 QW1"
        },
        {
          "ID": "4720  B4/M2"
        }
      ],
      "variationAttributes": [],
      "defaultVariant": null,
      "variants": [],
      "variationGroup": [],
      "displayOOS": null,
      "c_editorsNoteDescription": "<html>The newest member of the set of wallets, this features our signature double-turnlock hardware on a must-have structured silhouette. It’s crafted in Coach glovetanned leather and detailed with Western-inspired cabochons and patchwork, and C-chains on the strap. Perfect for nights out.<br><br><a href=https://development1.coach.com/shop/men/wallets?page=2&start=0&ted=false><u>Instantly change the look of your wallet with an interchangeable strap.</a></u></html>",
      "c_instorePickUpInventoryThreshold": 0,
      "c_enablePrivateSaleMarketingBadge": false,
      "c_enablePrivateSaleMarketingMessage": false,
      "c_gender": null,
      "c_isBestSeller": null,
      "c_isBestseller": null,
      "c_isDiscontinued": null,
      "c_isDiscontinuedForSearch": null,
      "c_isGiftCardProduct": null,
      "c_isOnSale": null,
      "c_isOutlet": null,
      "c_isPrivateSale": null,
      "c_marketingBadge": null,
      "c_marketingMessage": null,
      "c_material": null,
      "c_maxSalePercent": 60,
      "c_metarobotTag": null,
      "c_model": null,
      "promotion": [
        {
          "pid": "22619",
          "onlineFrom": null,
          "onlineTo": null,
          "defaultVariant": null,
          "isOnSale": null,
          "category_id": "bundleandsave",
          "item_category": "Bundle and Save",
          "maxPrice": 495,
          "minPrice": 150,
          "inStockMessage": null,
          "promostatus": "No product promotion exist",
          "orderLevelPromoCallout": [
            "free product using",
            "30 % off using",
            "selected free product added in basket",
            "OrderLevel%Off -Implicit AUTO",
            "A Free Card Pouch with purchase of $400",
            "free shipping using code",
            "MWOrderLevelPromo",
            "20698 Callout message",
            "XC_TESTING_COPY GWP CALLOUT",
            "XC_TESTING_COPY CALLOUT"
          ],
          "Pricing": [
            {
              "sales": {
                "value": null,
                "currency": null,
                "formatted": "N/A"
              },
              "list": {
                "value": 795,
                "currency": "USD",
                "formatted": "$795",
                "decimalPrice": "795.00"
              },
              "promotionalPrice": null,
              "discountPercentage": 60,
              "listPriceCaption": "Retail:",
              "salePriceCaption": "Bundle Price:"
            }
          ]
        }
      ]
    },
    {
      "brand": null,
      "currency": "USD",
      "productId": "22613",
      "activeProductData": {
        "pid": "22613",
        "bestseller": false
      },
      "inventory": [
        {
          "ats": null,
          "backorderable": false,
          "orderable": true,
          "preorderable": false,
          "stockLevel": null
        }
      ],
      "longDescription": "This product consists of a set of rings",
      "shortDescription": "Set of rings",
      "minOrderQuantity": 1,
      "name": "Set of Rings",
      "hitType": "set",
      "pageTitle": null,
      "maxPrices": 195,
      "minPrices": 195,
      "firstRepresentedProduct": "4841  B4/BK",
      "lastRepresentedProduct": "4841  B4/BK",
      "representedProduct": [
        {
          "ID": "4841  B4/BK"
        }
      ],
      "representedProducts": [
        {
          "ID": "4841  B4/BK"
        }
      ],
      "variationAttributes": [],
      "defaultVariant": null,
      "variants": [],
      "variationGroup": [],
      "displayOOS": null,
      "c_editorsNoteDescription": "Set of rings",
      "c_instorePickUpInventoryThreshold": 0,
      "c_enablePrivateSaleMarketingBadge": false,
      "c_enablePrivateSaleMarketingMessage": false,
      "c_gender": null,
      "c_isBestSeller": null,
      "c_isBestseller": null,
      "c_isDiscontinued": null,
      "c_isDiscontinuedForSearch": null,
      "c_isGiftCardProduct": null,
      "c_isOnSale": null,
      "c_isOutlet": null,
      "c_isPrivateSale": null,
      "c_marketingBadge": true,
      "c_marketingMessage": true,
      "c_material": null,
      "c_maxSalePercent": 10,
      "c_metarobotTag": null,
      "c_model": null,
      "promotion": [
        {
          "pid": "22613",
          "onlineFrom": "2021-10-04T04:00:00.000Z",
          "onlineTo": "2029-10-28T04:00:00.000Z",
          "defaultVariant": null,
          "isOnSale": null,
          "category_id": "allbundles",
          "item_category": "Bundle and Save",
          "item_category2": "Bundles",
          "maxPrice": 195,
          "minPrice": 195,
          "inStockMessage": null,
          "promostatus": "No product promotion exist",
          "orderLevelPromoCallout": [
            "free product using",
            "30 % off using",
            "selected free product added in basket",
            "OrderLevel%Off -Implicit AUTO",
            "A Free Card Pouch with purchase of $400",
            "free shipping using code",
            "MWOrderLevelPromo",
            "20698 Callout message",
            "XC_TESTING_COPY GWP CALLOUT",
            "XC_TESTING_COPY CALLOUT"
          ],
          "Pricing": [
            {
              "sales": {
                "value": 380,
                "currency": "USD",
                "formatted": "$380",
                "decimalPrice": "380.00"
              },
              "list": {
                "value": 195,
                "currency": "USD",
                "formatted": "$195",
                "decimalPrice": "195.00"
              },
              "promotionalPrice": null,
              "discountPercentage": 10,
              "listPriceCaption": "Retail:",
              "salePriceCaption": "Bundle Price:"
            }
          ]
        }
      ]
    }
  ],
  "offset": "0",
  "total": 6,
  "sortingOptions": [
    {
      "displayName": "Price Low To High",
      "id": "price-low-to-high",
      "url": "/on/demandware.store/Sites-coh_us_rt-Site/en_US/Search-UpdateGrid?sz=8&start=0&srule=price-low-to-high&cgid=bundleandsave",
      "seoUrl": "/shop/bundle-and-save?sz=8&start=0&srule=price-low-to-high"
    },
    {
      "displayName": "Price High to Low",
      "id": "price-high-to-low",
      "url": "/on/demandware.store/Sites-coh_us_rt-Site/en_US/Search-UpdateGrid?sz=8&start=0&srule=price-high-to-low&cgid=bundleandsave",
      "seoUrl": "/shop/bundle-and-save?sz=8&start=0&srule=price-high-to-low"
    },
    {
      "displayName": "Newest",
      "id": "newest",
      "url": "/on/demandware.store/Sites-coh_us_rt-Site/en_US/Search-UpdateGrid?sz=8&start=0&srule=newest&cgid=bundleandsave",
      "seoUrl": "/shop/bundle-and-save?sz=8&start=0&srule=newest"
    },
    {
      "displayName": "Top Rated",
      "id": "top-rated",
      "url": "/on/demandware.store/Sites-coh_us_rt-Site/en_US/Search-UpdateGrid?sz=8&start=0&srule=top-rated&cgid=bundleandsave",
      "seoUrl": "/shop/bundle-and-save?sz=8&start=0&srule=top-rated"
    },
    {
      "displayName": "Most Relevant",
      "id": "most-relevant",
      "url": "/on/demandware.store/Sites-coh_us_rt-Site/en_US/Search-UpdateGrid?sz=8&start=0&srule=most-relevant&cgid=bundleandsave",
      "seoUrl": "/shop/bundle-and-save?sz=8&start=0&srule=most-relevant"
    },
    {
      "displayName": "Featured",
      "id": "featured",
      "url": "/on/demandware.store/Sites-coh_us_rt-Site/en_US/Search-UpdateGrid?sz=8&start=0&srule=featured&cgid=bundleandsave",
      "seoUrl": "/shop/bundle-and-save?sz=8&start=0&srule=featured"
    }
  ],
  "selectedSortingOption": "price-low-to-high",
  "refinements": [
    {
      "displayName": "Price",
      "attributeID": "",
      "cutoffThreshold": 0,
      "type": "price refinement",
      "minValue": 75,
      "maxValue": 495.01
    },
    {
      "displayName": "Color",
      "attributeID": "colorVal",
      "cutoffThreshold": 100,
      "type": "attribute refinement",
      "value": [
        {
          "refvalue": "Red",
          "selectable": false,
          "hitCount": 0,
          "swatchID": "#FF0000"
        },
        {
          "refvalue": "Orange",
          "selectable": false,
          "hitCount": 0,
          "swatchID": "#ffa500"
        },
        {
          "refvalue": "Yellow",
          "selectable": false,
          "hitCount": 0,
          "swatchID": "#FFFF00"
        },
        {
          "refvalue": "Gold",
          "selectable": false,
          "hitCount": 0,
          "swatchID": "#FFD700"
        },
        {
          "refvalue": "Green",
          "selectable": false,
          "hitCount": 0,
          "swatchID": "#008000"
        },
        {
          "refvalue": "Blue",
          "selectable": false,
          "hitCount": 0,
          "swatchID": "#0000FF"
        },
        {
          "refvalue": "Purple",
          "selectable": false,
          "hitCount": 0,
          "swatchID": "#800080"
        },
        {
          "refvalue": "Pink",
          "selectable": false,
          "hitCount": 0,
          "swatchID": "#FFC0CB"
        },
        {
          "refvalue": "White",
          "selectable": true,
          "hitCount": 2,
          "swatchID": "#FFFFFF"
        },
        {
          "refvalue": "Beige",
          "selectable": true,
          "hitCount": 2,
          "swatchID": "#F5F5DC"
        },
        {
          "refvalue": "Silver",
          "selectable": false,
          "hitCount": 0,
          "swatchID": "#C0C0C0"
        },
        {
          "refvalue": "black",
          "selectable": true,
          "hitCount": 6,
          "swatchID": "#000000"
        },
        {
          "refvalue": "Black",
          "selectable": true,
          "hitCount": 6,
          "swatchID": "#000000"
        },
        {
          "refvalue": "brown",
          "selectable": true,
          "hitCount": 3,
          "swatchID": "#964B00"
        },
        {
          "refvalue": "Brown",
          "selectable": true,
          "hitCount": 3,
          "swatchID": "#964B00"
        },
        {
          "refvalue": "Gray",
          "selectable": false,
          "hitCount": 0,
          "swatchID": "#808080"
        },
        {
          "refvalue": "Ivory",
          "selectable": false,
          "hitCount": 0,
          "swatchID": "#FFFFF0"
        },
        {
          "refvalue": "Multi",
          "selectable": false,
          "hitCount": 0,
          "swatchID": "#9400D3,#4B0082,#0000FF,#00FF00,#FFFF00,#FF7F00,#FF0000"
        }
      ],
      "refinementType": "refinementColorStyle"
    },
    {
      "displayName": "Online Exclusive",
      "attributeID": "onlineExclusive",
      "cutoffThreshold": 5,
      "type": "attribute refinement",
      "value": [
        {
          "refvalue": "false",
          "selectable": true,
          "hitCount": 3,
          "swatchID": null
        }
      ],
      "refinementType": "refinementDefaultStyle"
    },
    {
      "displayName": "model",
      "attributeID": "model",
      "cutoffThreshold": 5,
      "type": "attribute refinement",
      "value": [],
      "refinementType": "searchRefinementsToHide"
    },
    {
      "displayName": "Gender",
      "attributeID": "gender",
      "cutoffThreshold": 5,
      "type": "attribute refinement",
      "value": [
        {
          "refvalue": "Men",
          "selectable": true,
          "hitCount": 2,
          "swatchID": null
        },
        {
          "refvalue": "Women",
          "selectable": true,
          "hitCount": 6,
          "swatchID": null
        },
        {
          "refvalue": "All",
          "selectable": false,
          "hitCount": 0,
          "swatchID": null
        }
      ],
      "refinementType": "refinementDefaultStyle"
    },
    {
      "displayName": "Categories",
      "attributeID": "filterCategory",
      "cutoffThreshold": 5,
      "type": "attribute refinement",
      "value": [
        {
          "refvalue": "3.4 OZ",
          "selectable": false,
          "hitCount": 0,
          "swatchID": null
        },
        {
          "refvalue": "32X32",
          "selectable": false,
          "hitCount": 0,
          "swatchID": null
        },
        {
          "refvalue": "ACCORDION WALLET",
          "selectable": false,
          "hitCount": 0,
          "swatchID": null
        },
        {
          "refvalue": "ANKLE BOOTIES",
          "selectable": false,
          "hitCount": 0,
          "swatchID": null
        },
        {
          "refvalue": "AVIATOR",
          "selectable": false,
          "hitCount": 0,
          "swatchID": null
        },
        {
          "refvalue": "Baby Bags",
          "selectable": false,
          "hitCount": 0,
          "swatchID": null
        },
        {
          "refvalue": "BACKPACKS",
          "selectable": false,
          "hitCount": 0,
          "swatchID": null
        },
        {
          "refvalue": "BAG CHARMS",
          "selectable": true,
          "hitCount": 1,
          "swatchID": null
        },
        {
          "refvalue": "BALLET FLAT",
          "selectable": false,
          "hitCount": 0,
          "swatchID": null
        },
        {
          "refvalue": "BANDANA",
          "selectable": false,
          "hitCount": 0,
          "swatchID": null
        },
        {
          "refvalue": "BANGLE",
          "selectable": false,
          "hitCount": 0,
          "swatchID": null
        },
        {
          "refvalue": "BELT",
          "selectable": false,
          "hitCount": 0,
          "swatchID": null
        },
        {
          "refvalue": "BELT BAG",
          "selectable": false,
          "hitCount": 0,
          "swatchID": null
        },
        {
          "refvalue": "BIFOLD CARD CASES",
          "selectable": false,
          "hitCount": 0,
          "swatchID": null
        },
        {
          "refvalue": "BLOUSE",
          "selectable": false,
          "hitCount": 0,
          "swatchID": null
        },
        {
          "refvalue": "BODY CREAM",
          "selectable": false,
          "hitCount": 0,
          "swatchID": null
        },
        {
          "refvalue": "BOOKMARK",
          "selectable": false,
          "hitCount": 0,
          "swatchID": null
        },
        {
          "refvalue": "BOOTIE",
          "selectable": false,
          "hitCount": 0,
          "swatchID": null
        },
        {
          "refvalue": "BOOTS",
          "selectable": false,
          "hitCount": 0,
          "swatchID": null
        },
        {
          "refvalue": "BOOTS/BOOTIES",
          "selectable": false,
          "hitCount": 0,
          "swatchID": null
        },
        {
          "refvalue": "BRACELET",
          "selectable": false,
          "hitCount": 0,
          "swatchID": null
        },
        {
          "refvalue": "BRACELETS",
          "selectable": false,
          "hitCount": 0,
          "swatchID": null
        },
        {
          "refvalue": "BREAST POCKETS WALLETS",
          "selectable": false,
          "hitCount": 0,
          "swatchID": null
        },
        {
          "refvalue": "Buckets",
          "selectable": false,
          "hitCount": 0,
          "swatchID": null
        },
        {
          "refvalue": "BUSINESS CASES",
          "selectable": false,
          "hitCount": 0,
          "swatchID": null
        },
        {
          "refvalue": "BUTTERFLY",
          "selectable": false,
          "hitCount": 0,
          "swatchID": null
        },
        {
          "refvalue": "CANNABIS HOLDER",
          "selectable": false,
          "hitCount": 0,
          "swatchID": null
        },
        {
          "refvalue": "Cap",
          "selectable": false,
          "hitCount": 0,
          "swatchID": null
        },
        {
          "refvalue": "CAPE",
          "selectable": false,
          "hitCount": 0,
          "swatchID": null
        },
        {
          "refvalue": "CARD CASES",
          "selectable": false,
          "hitCount": 0,
          "swatchID": null
        },
        {
          "refvalue": "CARDIGAN",
          "selectable": false,
          "hitCount": 0,
          "swatchID": null
        },
        {
          "refvalue": "CARD WALLET",
          "selectable": true,
          "hitCount": 1,
          "swatchID": null
        },
        {
          "refvalue": "CARRY",
          "selectable": false,
          "hitCount": 0,
          "swatchID": null
        },
        {
          "refvalue": "CARRYALLS",
          "selectable": false,
          "hitCount": 0,
          "swatchID": null
        },
        {
          "refvalue": "CAT EYE",
          "selectable": false,
          "hitCount": 0,
          "swatchID": null
        },
        {
          "refvalue": "CHARMS",
          "selectable": false,
          "hitCount": 0,
          "swatchID": null
        },
        {
          "refvalue": "CHELSEA/JODPHER BOOTIES",
          "selectable": true,
          "hitCount": 1,
          "swatchID": null
        },
        {
          "refvalue": "CLASSIC",
          "selectable": false,
          "hitCount": 0,
          "swatchID": null
        },
        {
          "refvalue": "CLIP ON POUCH",
          "selectable": false,
          "hitCount": 0,
          "swatchID": null
        },
        {
          "refvalue": "CLOGS",
          "selectable": false,
          "hitCount": 0,
          "swatchID": null
        },
        {
          "refvalue": "CLUBMASTER",
          "selectable": false,
          "hitCount": 0,
          "swatchID": null
        },
        {
          "refvalue": "COAT",
          "selectable": false,
          "hitCount": 0,
          "swatchID": null
        },
        {
          "refvalue": "COIN CASES",
          "selectable": false,
          "hitCount": 0,
          "swatchID": null
        },
        {
          "refvalue": "COIN WALLETS",
          "selectable": false,
          "hitCount": 0,
          "swatchID": null
        },
        {
          "refvalue": "COLLAR",
          "selectable": false,
          "hitCount": 0,
          "swatchID": null
        },
        {
          "refvalue": "COMPACT ID WALLET",
          "selectable": false,
          "hitCount": 0,
          "swatchID": null
        },
        {
          "refvalue": "COSMETIC CASES",
          "selectable": false,
          "hitCount": 0,
          "swatchID": null
        },
        {
          "refvalue": "CREW NECK",
          "selectable": false,
          "hitCount": 0,
          "swatchID": null
        },
        {
          "refvalue": "CROSSBODY",
          "selectable": false,
          "hitCount": 0,
          "swatchID": null
        },
        {
          "refvalue": "CUP HOLDER",
          "selectable": false,
          "hitCount": 0,
          "swatchID": null
        },
        {
          "refvalue": "CUT",
          "selectable": false,
          "hitCount": 0,
          "swatchID": null
        },
        {
          "refvalue": "DERBY",
          "selectable": false,
          "hitCount": 0,
          "swatchID": null
        },
        {
          "refvalue": "DIAMOND",
          "selectable": false,
          "hitCount": 0,
          "swatchID": null
        },
        {
          "refvalue": "DOUBLE BILLFOLD WALLETS",
          "selectable": false,
          "hitCount": 0,
          "swatchID": null
        },
        {
          "refvalue": "DOWN JACKET",
          "selectable": false,
          "hitCount": 0,
          "swatchID": null
        },
        {
          "refvalue": "DRESS",
          "selectable": false,
          "hitCount": 0,
          "swatchID": null
        },
        {
          "refvalue": "DRIVERS",
          "selectable": false,
          "hitCount": 0,
          "swatchID": null
        },
        {
          "refvalue": "DUFFLES",
          "selectable": false,
          "hitCount": 0,
          "swatchID": null
        },
        {
          "refvalue": "EARBUD CASE",
          "selectable": false,
          "hitCount": 0,
          "swatchID": null
        },
        {
          "refvalue": "EARRING",
          "selectable": false,
          "hitCount": 0,
          "swatchID": null
        },
        {
          "refvalue": "ESPADRILLES",
          "selectable": false,
          "hitCount": 0,
          "swatchID": null
        },
        {
          "refvalue": "FACE MASK",
          "selectable": false,
          "hitCount": 0,
          "swatchID": null
        },
        {
          "refvalue": "FASHION FLAT",
          "selectable": false,
          "hitCount": 0,
          "swatchID": null
        },
        {
          "refvalue": "FIELD JACKET",
          "selectable": false,
          "hitCount": 0,
          "swatchID": null
        },
        {
          "refvalue": "FLAT SANDAL",
          "selectable": false,
          "hitCount": 0,
          "swatchID": null
        },
        {
          "refvalue": "FLIP FLOP",
          "selectable": false,
          "hitCount": 0,
          "swatchID": null
        },
        {
          "refvalue": "FOLIO",
          "selectable": false,
          "hitCount": 0,
          "swatchID": null
        },
        {
          "refvalue": "Fragrance",
          "selectable": false,
          "hitCount": 0,
          "swatchID": null
        },
        {
          "refvalue": "GIFT SET",
          "selectable": false,
          "hitCount": 0,
          "swatchID": null
        },
        {
          "refvalue": "GLOVE",
          "selectable": false,
          "hitCount": 0,
          "swatchID": null
        },
        {
          "refvalue": "GYM BAG",
          "selectable": false,
          "hitCount": 0,
          "swatchID": null
        },
        {
          "refvalue": "HANDKERCHIEF",
          "selectable": false,
          "hitCount": 0,
          "swatchID": null
        },
        {
          "refvalue": "HANGTAG",
          "selectable": false,
          "hitCount": 0,
          "swatchID": null
        },
        {
          "refvalue": "HARNESS",
          "selectable": false,
          "hitCount": 0,
          "swatchID": null
        },
        {
          "refvalue": "HARNESS/PLAQUE",
          "selectable": false,
          "hitCount": 0,
          "swatchID": null
        },
        {
          "refvalue": "HARNESS/SCULPTED C",
          "selectable": false,
          "hitCount": 0,
          "swatchID": null
        },
        {
          "refvalue": "HAT",
          "selectable": false,
          "hitCount": 0,
          "swatchID": null
        },
        {
          "refvalue": "HEEL SANDALS",
          "selectable": false,
          "hitCount": 0,
          "swatchID": null
        },
        {
          "refvalue": "HEXAGON",
          "selectable": false,
          "hitCount": 0,
          "swatchID": null
        },
        {
          "refvalue": "HIGH TOP SNEAKER",
          "selectable": false,
          "hitCount": 0,
          "swatchID": null
        },
        {
          "refvalue": "HOODIE",
          "selectable": false,
          "hitCount": 0,
          "swatchID": null
        },
        {
          "refvalue": "HOOP",
          "selectable": false,
          "hitCount": 0,
          "swatchID": null
        },
        {
          "refvalue": "HORSE AND CARRIAGE",
          "selectable": false,
          "hitCount": 0,
          "swatchID": null
        },
        {
          "refvalue": "HUGGIE",
          "selectable": false,
          "hitCount": 0,
          "swatchID": null
        },
        {
          "refvalue": "ID HOLDER",
          "selectable": false,
          "hitCount": 0,
          "swatchID": null
        },
        {
          "refvalue": "JACKET",
          "selectable": false,
          "hitCount": 0,
          "swatchID": null
        },
        {
          "refvalue": "JEANS",
          "selectable": false,
          "hitCount": 0,
          "swatchID": null
        },
        {
          "refvalue": "JELLY",
          "selectable": false,
          "hitCount": 0,
          "swatchID": null
        },
        {
          "refvalue": "JEWELRY BOX",
          "selectable": false,
          "hitCount": 0,
          "swatchID": null
        },
        {
          "refvalue": "JUICE",
          "selectable": false,
          "hitCount": 0,
          "swatchID": null
        },
        {
          "refvalue": "KEY CASES",
          "selectable": false,
          "hitCount": 0,
          "swatchID": null
        },
        {
          "refvalue": "KEY FOB",
          "selectable": false,
          "hitCount": 0,
          "swatchID": null
        },
        {
          "refvalue": "KEY RING",
          "selectable": false,
          "hitCount": 0,
          "swatchID": null
        },
        {
          "refvalue": "KNEE HIGH BOOTS",
          "selectable": false,
          "hitCount": 0,
          "swatchID": null
        },
        {
          "refvalue": "LACES",
          "selectable": false,
          "hitCount": 0,
          "swatchID": null
        },
        {
          "refvalue": "LACE UP BOOTIES",
          "selectable": false,
          "hitCount": 0,
          "swatchID": null
        },
        {
          "refvalue": "LACE UPS",
          "selectable": false,
          "hitCount": 0,
          "swatchID": null
        },
        {
          "refvalue": "LANYARD CARD CASE",
          "selectable": false,
          "hitCount": 0,
          "swatchID": null
        },
        {
          "refvalue": "LARGE WRISTLETS",
          "selectable": false,
          "hitCount": 0,
          "swatchID": null
        },
        {
          "refvalue": "LARGE ZIP AROUND",
          "selectable": false,
          "hitCount": 0,
          "swatchID": null
        },
        {
          "refvalue": "LEASH",
          "selectable": false,
          "hitCount": 0,
          "swatchID": null
        },
        {
          "refvalue": "LEATHER JACKET",
          "selectable": false,
          "hitCount": 0,
          "swatchID": null
        },
        {
          "refvalue": "LOAFERS",
          "selectable": false,
          "hitCount": 0,
          "swatchID": null
        },
        {
          "refvalue": "LOW TOP SNEAKER",
          "selectable": false,
          "hitCount": 0,
          "swatchID": null
        },
        {
          "refvalue": "LUGGAGE TAG",
          "selectable": false,
          "hitCount": 0,
          "swatchID": null
        },
        {
          "refvalue": "MEDIUM WALLET",
          "selectable": true,
          "hitCount": 1,
          "swatchID": null
        },
        {
          "refvalue": "MEDIUM ZIP AROUND",
          "selectable": false,
          "hitCount": 0,
          "swatchID": null
        },
        {
          "refvalue": "MESSENGERS",
          "selectable": false,
          "hitCount": 0,
          "swatchID": null
        },
        {
          "refvalue": "MID TOP SNEAKER",
          "selectable": false,
          "hitCount": 0,
          "swatchID": null
        },
        {
          "refvalue": "MINI SKINNY",
          "selectable": false,
          "hitCount": 0,
          "swatchID": null
        },
        {
          "refvalue": "MONEY CLIP",
          "selectable": false,
          "hitCount": 0,
          "swatchID": null
        },
        {
          "refvalue": "MONEY CLIP CARD CASES",
          "selectable": false,
          "hitCount": 0,
          "swatchID": null
        },
        {
          "refvalue": "MOUSE PAD",
          "selectable": false,
          "hitCount": 0,
          "swatchID": null
        },
        {
          "refvalue": "MUFFLER",
          "selectable": false,
          "hitCount": 0,
          "swatchID": null
        },
        {
          "refvalue": "MULTIFUNCTIONS",
          "selectable": false,
          "hitCount": 0,
          "swatchID": null
        },
        {
          "refvalue": "NAVIGATOR",
          "selectable": false,
          "hitCount": 0,
          "swatchID": null
        },
        {
          "refvalue": "NECKLACE",
          "selectable": false,
          "hitCount": 0,
          "swatchID": null
        },
        {
          "refvalue": "OBLONG",
          "selectable": false,
          "hitCount": 0,
          "swatchID": null
        },
        {
          "refvalue": "ORNAMENT",
          "selectable": false,
          "hitCount": 0,
          "swatchID": null
        },
        {
          "refvalue": "OTHER",
          "selectable": false,
          "hitCount": 0,
          "swatchID": null
        },
        {
          "refvalue": "OVERSIZED SQUARE",
          "selectable": false,
          "hitCount": 0,
          "swatchID": null
        },
        {
          "refvalue": "OVER THE KNEE BOOT",
          "selectable": false,
          "hitCount": 0,
          "swatchID": null
        },
        {
          "refvalue": "PANT",
          "selectable": false,
          "hitCount": 0,
          "swatchID": null
        },
        {
          "refvalue": "PAPER",
          "selectable": false,
          "hitCount": 0,
          "swatchID": null
        },
        {
          "refvalue": "PARKA",
          "selectable": false,
          "hitCount": 0,
          "swatchID": null
        },
        {
          "refvalue": "PASSPORT CASE",
          "selectable": false,
          "hitCount": 0,
          "swatchID": null
        },
        {
          "refvalue": "PATCHES",
          "selectable": false,
          "hitCount": 0,
          "swatchID": null
        },
        {
          "refvalue": "PEACOAT",
          "selectable": false,
          "hitCount": 0,
          "swatchID": null
        },
        {
          "refvalue": "PENDANT",
          "selectable": false,
          "hitCount": 0,
          "swatchID": null
        },
        {
          "refvalue": "PHONE CASE",
          "selectable": false,
          "hitCount": 0,
          "swatchID": null
        },
        {
          "refvalue": "PHONE CROSSBODY",
          "selectable": false,
          "hitCount": 0,
          "swatchID": null
        },
        {
          "refvalue": "PHONE FOLIO",
          "selectable": false,
          "hitCount": 0,
          "swatchID": null
        },
        {
          "refvalue": "PLAQUE",
          "selectable": false,
          "hitCount": 0,
          "swatchID": null
        },
        {
          "refvalue": "PORTFOLIOS",
          "selectable": false,
          "hitCount": 0,
          "swatchID": null
        },
        {
          "refvalue": "POUCH",
          "selectable": true,
          "hitCount": 1,
          "swatchID": null
        },
        {
          "refvalue": "PRODUCT CARE",
          "selectable": false,
          "hitCount": 0,
          "swatchID": null
        },
        {
          "refvalue": "PUMPS",
          "selectable": true,
          "hitCount": 1,
          "swatchID": null
        },
        {
          "refvalue": "PURSE SPRAY",
          "selectable": false,
          "hitCount": 0,
          "swatchID": null
        },
        {
          "refvalue": "PUZZLE",
          "selectable": false,
          "hitCount": 0,
          "swatchID": null
        },
        {
          "refvalue": "QUILTED JACKET",
          "selectable": false,
          "hitCount": 0,
          "swatchID": null
        },
        {
          "refvalue": "RAIN BOOTIES",
          "selectable": false,
          "hitCount": 0,
          "swatchID": null
        },
        {
          "refvalue": "RECTANGULAR",
          "selectable": false,
          "hitCount": 0,
          "swatchID": null
        },
        {
          "refvalue": "RIDING BOOTS",
          "selectable": false,
          "hitCount": 0,
          "swatchID": null
        },
        {
          "refvalue": "RING",
          "selectable": false,
          "hitCount": 0,
          "swatchID": null
        },
        {
          "refvalue": "ROUND",
          "selectable": false,
          "hitCount": 0,
          "swatchID": null
        },
        {
          "refvalue": "RUNNER",
          "selectable": false,
          "hitCount": 0,
          "swatchID": null
        },
        {
          "refvalue": "SANDALS",
          "selectable": false,
          "hitCount": 0,
          "swatchID": null
        },
        {
          "refvalue": "SANDALS/SLIDES",
          "selectable": false,
          "hitCount": 0,
          "swatchID": null
        },
        {
          "refvalue": "SATCHELS",
          "selectable": true,
          "hitCount": 1,
          "swatchID": null
        },
        {
          "refvalue": "SCULPTED C",
          "selectable": false,
          "hitCount": 0,
          "swatchID": null
        },
        {
          "refvalue": "SHEARLING",
          "selectable": false,
          "hitCount": 0,
          "swatchID": null
        },
        {
          "refvalue": "SHIRT",
          "selectable": false,
          "hitCount": 0,
          "swatchID": null
        },
        {
          "refvalue": "SHORTS",
          "selectable": false,
          "hitCount": 0,
          "swatchID": null
        },
        {
          "refvalue": "SHOULDER BAG",
          "selectable": false,
          "hitCount": 0,
          "swatchID": null
        },
        {
          "refvalue": "SHOULDER BAGs",
          "selectable": false,
          "hitCount": 0,
          "swatchID": null
        },
        {
          "refvalue": "SHOWER SLIDES",
          "selectable": true,
          "hitCount": 1,
          "swatchID": null
        },
        {
          "refvalue": "SILK SQUARE",
          "selectable": false,
          "hitCount": 0,
          "swatchID": null
        },
        {
          "refvalue": "SINGLE BILLFOLD WALLETS",
          "selectable": false,
          "hitCount": 0,
          "swatchID": null
        },
        {
          "refvalue": "SIZED BELT",
          "selectable": false,
          "hitCount": 0,
          "swatchID": null
        },
        {
          "refvalue": "SKIMMERS",
          "selectable": true,
          "hitCount": 1,
          "swatchID": null
        },
        {
          "refvalue": "SKINNY",
          "selectable": false,
          "hitCount": 0,
          "swatchID": null
        },
        {
          "refvalue": "SKINNY WALLET",
          "selectable": false,
          "hitCount": 0,
          "swatchID": null
        },
        {
          "refvalue": "SKIRT",
          "selectable": false,
          "hitCount": 0,
          "swatchID": null
        },
        {
          "refvalue": "SLIDES",
          "selectable": false,
          "hitCount": 0,
          "swatchID": null
        },
        {
          "refvalue": "SLIM BILLFOLD WALLETS",
          "selectable": true,
          "hitCount": 2,
          "swatchID": null
        },
        {
          "refvalue": "SLIM BRIEF",
          "selectable": false,
          "hitCount": 0,
          "swatchID": null
        },
        {
          "refvalue": "SLINGS",
          "selectable": false,
          "hitCount": 0,
          "swatchID": null
        },
        {
          "refvalue": "SLIP ON SNEAKER",
          "selectable": false,
          "hitCount": 0,
          "swatchID": null
        },
        {
          "refvalue": "SLIPPER",
          "selectable": false,
          "hitCount": 0,
          "swatchID": null
        },
        {
          "refvalue": "SMALL ACCORDIAN ZIP",
          "selectable": false,
          "hitCount": 0,
          "swatchID": null
        },
        {
          "refvalue": "SMALL CROSSBODY",
          "selectable": false,
          "hitCount": 0,
          "swatchID": null
        },
        {
          "refvalue": "SMALL WALLET",
          "selectable": false,
          "hitCount": 0,
          "swatchID": null
        },
        {
          "refvalue": "SMALL WRISTLETS",
          "selectable": false,
          "hitCount": 0,
          "swatchID": null
        },
        {
          "refvalue": "SMALL ZIP AROUND",
          "selectable": false,
          "hitCount": 0,
          "swatchID": null
        },
        {
          "refvalue": "SOCKS",
          "selectable": false,
          "hitCount": 0,
          "swatchID": null
        },
        {
          "refvalue": "SOFT WALLET",
          "selectable": false,
          "hitCount": 0,
          "swatchID": null
        },
        {
          "refvalue": "SOUVENIR PINS",
          "selectable": false,
          "hitCount": 0,
          "swatchID": null
        },
        {
          "refvalue": "SQUARE",
          "selectable": false,
          "hitCount": 0,
          "swatchID": null
        },
        {
          "refvalue": "STRAPS",
          "selectable": false,
          "hitCount": 0,
          "swatchID": null
        },
        {
          "refvalue": "STUD",
          "selectable": false,
          "hitCount": 0,
          "swatchID": null
        },
        {
          "refvalue": "SUNWEAR SILHOUETTE",
          "selectable": false,
          "hitCount": 0,
          "swatchID": null
        },
        {
          "refvalue": "SWEATER",
          "selectable": false,
          "hitCount": 0,
          "swatchID": null
        },
        {
          "refvalue": "SWEATSHIRT",
          "selectable": false,
          "hitCount": 0,
          "swatchID": null
        },
        {
          "refvalue": "SWING PACKS",
          "selectable": true,
          "hitCount": 1,
          "swatchID": null
        },
        {
          "refvalue": "TECH SLEEVE",
          "selectable": false,
          "hitCount": 0,
          "swatchID": null
        },
        {
          "refvalue": "TOP",
          "selectable": false,
          "hitCount": 0,
          "swatchID": null
        },
        {
          "refvalue": "TOTES",
          "selectable": false,
          "hitCount": 0,
          "swatchID": null
        },
        {
          "refvalue": "TRAVEL ACCESSORIES",
          "selectable": false,
          "hitCount": 0,
          "swatchID": null
        },
        {
          "refvalue": "TRAVEL KITS",
          "selectable": false,
          "hitCount": 0,
          "swatchID": null
        },
        {
          "refvalue": "TRAY",
          "selectable": false,
          "hitCount": 0,
          "swatchID": null
        },
        {
          "refvalue": "TRENCH",
          "selectable": false,
          "hitCount": 0,
          "swatchID": null
        },
        {
          "refvalue": "TRIFOLD WALLETS",
          "selectable": false,
          "hitCount": 0,
          "swatchID": null
        },
        {
          "refvalue": "T SHIRT",
          "selectable": false,
          "hitCount": 0,
          "swatchID": null
        },
        {
          "refvalue": "VEST",
          "selectable": false,
          "hitCount": 0,
          "swatchID": null
        },
        {
          "refvalue": "WAYFARER",
          "selectable": false,
          "hitCount": 0,
          "swatchID": null
        },
        {
          "refvalue": "WEDGE SANDALS",
          "selectable": false,
          "hitCount": 0,
          "swatchID": null
        },
        {
          "refvalue": "WRAP",
          "selectable": false,
          "hitCount": 0,
          "swatchID": null
        },
        {
          "refvalue": "Wristlet",
          "selectable": false,
          "hitCount": 0,
          "swatchID": null
        },
        {
          "refvalue": "ZIP CARD CASE",
          "selectable": false,
          "hitCount": 0,
          "swatchID": null
        }
      ],
      "refinementType": "refinementCheckboxStyle"
    },
    {
      "displayName": "Is Early Access",
      "attributeID": "isEarlyAccess",
      "cutoffThreshold": 5,
      "type": "attribute refinement",
      "value": [],
      "refinementType": "searchRefinementsToHide"
    },
    {
      "displayName": "Employee Sale",
      "attributeID": "isEmployeeSale",
      "cutoffThreshold": 5,
      "type": "attribute refinement",
      "value": [],
      "refinementType": "searchRefinementsToHide"
    },
    {
      "displayName": "Material",
      "attributeID": "fabrication",
      "cutoffThreshold": 100,
      "type": "attribute refinement",
      "refinementType": "refinementDefaultStyle"
    },
    {
      "displayName": "Size",
      "attributeID": "bagSize",
      "cutoffThreshold": 5,
      "type": "attribute refinement",
      "value": [
        {
          "refvalue": "5",
          "selectable": false,
          "hitCount": 0,
          "swatchID": null
        },
        {
          "refvalue": "12",
          "selectable": false,
          "hitCount": 0,
          "swatchID": null
        },
        {
          "refvalue": "2\"",
          "selectable": false,
          "hitCount": 0,
          "swatchID": null
        },
        {
          "refvalue": "4\"",
          "selectable": false,
          "hitCount": 0,
          "swatchID": null
        },
        {
          "refvalue": "large",
          "selectable": false,
          "hitCount": 0,
          "swatchID": null
        },
        {
          "refvalue": "medium",
          "selectable": true,
          "hitCount": 3,
          "swatchID": null
        },
        {
          "refvalue": "mini",
          "selectable": true,
          "hitCount": 1,
          "swatchID": null
        }
      ],
      "refinementType": "refinementDefaultStyle"
    }
  ],
  "isUgcEnabledOnPlp": false,
  "productIdsArray": {},
  "isSPC": false,
  "isFPC": false,
  "pageUrlParams": "[{\"key\":\"fmt\",\"value\":\"headlessjson\"}]",
  "showTiles": true,
  "isNoProductAvailable": false,
  "isOnLoad": true,
  "decoratorTemplate": "common/layout/page",
  "hrefLang": {},
  "customHreflang": null,
  "isLazyLoadEnabled": true,
  "lazyLoadPageSize": "8",
  "lazyLoadThreshold": 0.6,
  "lazyLoadConfig": "",
  "previousPage": 3,
  "nextPage": null,
  "previousPageURL": {},
  "isCertonaEnable": true,
  "currencyCode": "USD",
  "isOutletPage": null,
  "isEnableKlarna": true,
  "gtm": "GTM-N2JQ9CW",
  "isEnable": true,
  "dataLayerJson": "{\"event\":\"dataLayer_initialized\",\"shop\":{\"category_id\":\"bundleandsave\",\"category_id_path\":\"bundleandsave\",\"filter\":{\"color\":\"\"},\"page_category\":\"Bundle and Save\",\"page_number\":\"1\",\"result_count\":\"6\",\"shop_name\":\"bundle-and-save\",\"sort_by\":\"price-low-to-high\"}}",
  "pageJson": "",
  "searchLoadJson": "{}",
  "isPageJsonEmpty": false,
  "gtmProductImpressionURL": {},
  "clientSideData": "{\"checkout_begin_event\":\"begin_checkout\",\"gtmData\":{},\"globalData\":{\"eventpage_location\":\"category\"},\"checkout_attr\":{\"checkout_step\":\"1\"}}",
  "__mccEvents": [
    [
      "setUserInfo",
      {
        "email": "abhA5HTyWNC112t9MPilVAYTSG"
      }
    ],
    [
      "trackPageView",
      {
        "category": "bundleandsave"
      }
    ]
  ]
}